feature_name,sample,index,feature_value,shap_effect,shap_effect_sd,intercept,lo,med,hi,mae,loMAE,medMAE,hiMAE
EGFR,1,1,0.6461632155907432,5.172872292459862,5.059559410630908,57.14113686254082,-4.9624729425756255,-0.1539898015704207,5.3908899954951455,3.839327517407944,0.29085405415695487,1.3926662180101115,4.402837116127996
AGE,1,1,0.2916368834882059,-1.8684034550614361,5.287762133589945,57.14113686254082,-2.092888382175705,-0.4545340984348772,1.0420015913183536,5.1212975839952914,0.3900536409355373,1.8235359299543807,5.120977365275779
ALB,1,1,0.5283018867924529,-1.1442244685697198,3.2210574421742906,57.14113686254082,-5.409044304739559,-2.6352502182527866,-0.6050112865067749,2.998432297083778,2.9082980345257634,6.661296654327142,10.694705429179892
WT,1,1,0.09204840103716502,-11.384958514742118,9.97446889001378,57.14113686254082,-19.568133159534778,-13.238879520349805,-5.878657131537911,8.458808094846137,6.096597959852945,10.462913312538829,14.596776265658399
